,Poste,Nationalité,Date de naissance,Âge,Taille,Poids,Club actuel,Dernière saison,Poste simplifié,IMC,Poste prédit
Kamil Syprzak,Pivot,Pologne,27/07/1991,33.0,207.0,117.0,Paris,,Pivot,27.30518798571729,Pivot
Tom Pelayo,Arrière Droit,France,23/02/1997,27.0,189.0,95.0,Dunkerque,,Arrière,26.595000139973685,Arrière
Gabriel Loesch,Ailier Droit,France,12/07/1995,29.0,182.0,73.0,Aix,,Ailier,22.03840115928028,Ailier
Chema Marquez,Demi Centre,Espagne,20/12/1996,28.0,187.0,94.0,Saint-Raphaël,,Demi Centre,26.88095170007721,Arrière
Nemanja Ilic,Ailier Gauche,Serbie,11/05/1990,34.0,177.0,76.0,Toulouse,,Ailier,24.25867407194612,Ailier
Benjamin Richert,Ailier Droit,France,18/04/1998,26.0,187.0,76.0,Chambéry,,Ailier,21.7335354170837,Ailier
Valero Rivera,Ailier Gauche,Espagne,22/02/1985,39.0,186.0,83.0,Nantes,,Ailier,23.991212856977683,Ailier
Ian Tarrafeta,Demi Centre,Espagne,04/01/1999,25.0,188.0,88.0,Aix,,Demi Centre,24.898143956541425,Demi Centre
Elohim Prandi,Arrière Gauche,France,24/08/1998,26.0,193.0,101.0,Paris,,Arrière,27.114821874412737,Pivot
Mario Lopez Alvarez,Ailier Droit,Espagne,19/09/1994,30.0,178.0,81.0,Créteil,,Ailier,25.5649539199596,Ailier
Ayyoub Abdi,Arrière Droit,Algérie,16/02/1997,27.0,197.0,98.0,Nantes,,Arrière,25.25187456517818,Arrière
Aymeric Minne,Demi Centre,France,20/04/1997,27.0,187.0,85.0,Nantes,,Demi Centre,24.307243558580453,Ailier
Robin Molinie,Arrière Gauche,France,15/09/1990,34.0,190.0,85.0,Cesson-Rennes,,Arrière,23.545706371191137,Arrière
Cornelius Kragh,Arrière Gauche,Danemark,05/05/1995,29.0,194.0,98.0,Dunkerque,,Arrière,26.03889892655968,Arrière
Pierrick Naudin,Arrière Gauche,France,20/12/1989,35.0,191.0,84.0,Dijon,,Arrière,23.025684602944,Arrière
Dragan Gajic,Ailier Droit,Slovénie,21/07/1984,40.0,188.0,85.0,Limoges,2023 / 2024,Ailier,24.049343594386603,Demi Centre
Ihor Turchenko,Arrière Gauche,Ukraine,04/12/2000,24.0,193.0,90.0,Limoges,,Arrière,24.161722462347985,Arrière
Antonin Mohamed,Ailier Gauche,France,16/02/1999,25.0,182.0,74.0,Saran,,Ailier,22.34029706557179,Ailier
Erwin Feuchtmann,Arrière Gauche,Chili,02/05/1990,34.0,195.0,102.0,Toulouse,,Arrière,26.824457593688365,Arrière
Lucas Pellas,Ailier Gauche,Suède,28/08/1995,29.0,184.0,79.0,Montpellier,,Ailier,23.334120982986768,Ailier
Alejandro Barbeito,Demi Centre,Espagne,08/08/2001,23.0,182.0,85.0,Créteil,,Demi Centre,25.661152034778407,Ailier
Gonçalo Vieira,Arrière Gauche,Portugal,27/04/1999,25.0,194.0,95.0,Toulouse,,Arrière,25.241789775746625,Arrière
Raphaël Caucheteux,Ailier Gauche,France,09/05/1985,39.0,198.0,94.0,Saint-Raphaël,,Ailier,23.9771451892664,Arrière
Micke Brasseleur,Arrière Droit,France,16/04/1993,31.0,197.0,97.0,Saint-Raphaël,,Arrière,24.994202375737583,Arrière
Gueric Vincent,Ailier Gauche,France,18/08/2002,22.0,180.0,85.0,Nîmes,,Ailier,26.234567901234566,Demi Centre
Alejandro Costoya,Arrière Gauche,Espagne,06/05/1993,31.0,193.0,99.0,Chambéry,,Arrière,26.577894708582782,Arrière
Mohammad Sanad,Ailier Droit,Égypte,16/01/1991,33.0,185.0,88.0,Nîmes,,Ailier,25.712198685171657,Ailier
Drevy Paschal,Ailier Gauche,France,16/07/2001,23.0,194.0,82.0,Saint-Raphaël,,Ailier,21.787650122223404,Arrière
William Accambray,Arrière Gauche,France,08/04/1988,36.0,194.0,108.0,Saran,,Arrière,28.69592942926985,Pivot
Sebastian Karlsson,Ailier Droit,France,21/01/1995,29.0,178.0,80.0,Montpellier,,Ailier,25.24933720489837,Ailier
Luka Radovic,Ailier Droit,Monténégro,29/12/1997,26.0,180.0,80.0,Saran,,Ailier,24.69135802469136,Ailier
Jordi Deumal,Ailier Gauche,Espagne,14/01/1994,30.0,194.0,83.0,Granollers,,Ailier,22.053353172494425,Arrière
Jean-loup Faustin,Demi Centre,France,23/03/1995,29.0,185.0,88.0,Dunkerque,,Demi Centre,25.712198685171657,Ailier
Yvan Verin,Arrière Gauche,France,09/09/2000,24.0,188.0,94.0,Chartres,,Arrière,26.595744680851062,Arrière
Luc Steins,Demi Centre,Pays-Bas,22/03/1995,29.0,173.0,73.0,Paris,,Demi Centre,24.3910588392529,Ailier
Vanja Ilic,Ailier Gauche,Serbie,25/02/1993,31.0,186.0,81.0,Chartres,,Ailier,23.41311134235172,Ailier
Hugo Monte,Arrière Gauche,Brésil,06/04/2003,21.0,193.0,92.0,Montpellier,,Arrière,24.69864962817794,Arrière
Johannes Marescot,Pivot,France,04/04/1994,30.0,194.0,106.0,Saint-Raphaël,,Pivot,28.16452332872781,Pivot
Julien Bos,Arrière Droit,France,18/08/1998,26.0,188.0,85.0,Nantes,,Arrière,24.049343594386603,Demi Centre
Aymeric Zaepfel,Demi Centre,France,03/10/2001,23.0,189.0,92.0,Ivry,,Demi Centre,25.755158030290307,Arrière
Théo Monar,Pivot,France,06/06/2001,23.0,198.0,95.0,Nantes,2023 / 2024,Pivot,24.23222120191817,Arrière
Pau Oliveras,Arrière Gauche,Espagne,11/12/1998,26.0,185.0,86.0,Saran,,Arrière,25.127830533235937,Ailier
Seif Elderaa,Demi Centre,Égypte,19/09/1998,26.0,187.0,82.0,Limoges,,Demi Centre,23.449340844748203,Ailier
Gaël Tribillon,Ailier Gauche,France,02/03/1998,26.0,175.0,78.0,Chartres,,Ailier,25.46938775510204,Ailier
Francisco De Almeida Tavares,Ailier Droit,Portugal,14/11/1996,28.0,180.0,83.0,Ivry,,Ailier,25.61728395061728,Demi Centre
David Iglesias,Arrière Gauche,Espagne,25/12/1998,26.0,192.0,90.0,Tremblay,,Arrière,24.4140625,Arrière
Sergiy Onufriyenko,Arrière Droit,Ukraine,31/01/1985,39.0,190.0,90.0,Chartres,2023 / 2024,Arrière,24.930747922437675,Arrière
Thibaud Briet,Arrière Gauche,France,14/12/1999,25.0,205.0,95.0,Nantes,,Arrière,22.605591909577637,Arrière
Kylian Rigault,Arrière Gauche,France,12/11/2000,24.0,190.0,82.0,Tremblay,,Arrière,22.71468144044321,Arrière
Dorde Dekic,Demi Centre,Serbie,28/08/1993,31.0,189.0,90.0,Créteil,,Demi Centre,25.195263290501387,Arrière
Junior Tuzolana,Ailier Gauche,France,27/05/1997,27.0,189.0,85.0,Cesson-Rennes,,Ailier,23.79552644102909,Arrière
Antoine Tissot,Ailier Droit,France,30/07/2001,23.0,177.0,80.0,Aix,,Ailier,25.53544639152223,Ailier
Mohab Abdelhak,Arrière Droit,Égypte,20/01/2003,21.0,191.0,88.0,Nîmes,,Arrière,24.12214577451276,Arrière
Messaoud Berkous,Arrière Gauche,Algérie,20/07/1989,35.0,194.0,97.0,Dijon,2023 / 2024,Arrière,25.77319587628866,Arrière
Steeven Bois,Demi Centre,France,29/10/1994,30.0,185.0,85.0,Nancy,,Demi Centre,24.83564645726808,Ailier
Mathieu Salou,Arrière Droit,France,26/05/2000,24.0,202.0,95.0,Cesson-Rennes,,Arrière,23.28203117341437,Arrière
Valentin Aman,Pivot,France,26/07/1991,33.0,186.0,90.0,Créteil,,Pivot,26.01456815816857,Ailier
Gustavo Rodrigues,Arrière Droit,Brésil,09/04/1995,29.0,190.0,90.0,Chambéry,,Arrière,24.930747922437675,Arrière
Valentin Porte,Arrière Droit,France,07/09/1990,34.0,190.0,94.0,Montpellier,,Arrière,26.038781163434905,Arrière
Adrien Vergely,Pivot,France,14/09/1996,28.0,191.0,104.0,Chambéry,,Pivot,28.50799046078781,Pivot
Kent Robin Tonnesen,Arrière Droit,Norvège,05/06/1991,33.0,195.0,102.0,Paris,,Arrière,26.824457593688365,Arrière
Quentin Minel,Arrière Gauche,France,03/09/1992,32.0,189.0,98.0,Chartres,,Arrière,27.434842249657063,Arrière
Casper Kall,Demi Centre,Suède,26/11/2000,24.0,186.0,72.0,Toulouse,,Demi Centre,20.811654526534856,Ailier
Théo Avelange Demouge,Ailier Droit,France,11/03/1996,28.0,183.0,78.0,Nantes,,Ailier,23.291229956104985,Ailier
Jean-jacques Acquevillo,Arrière Gauche,France,17/01/1989,35.0,195.0,100.0,Nîmes,,Arrière,26.298487836949377,Arrière
Steve Marie-joseph,Ailier Gauche,France,03/01/1994,30.0,185.0,91.0,Dunkerque,,Ailier,26.588750913075238,Demi Centre
Tomislav Kusan,Pivot,Croatie,16/12/1994,30.0,201.0,110.0,Limoges,,Pivot,27.227048835424878,Pivot
Ferran Sole,Ailier Droit,Espagne,25/08/1992,32.0,193.0,84.0,Paris,,Ailier,22.55094096485812,Arrière
Bastien Khermouche,Pivot,France,10/11/1993,31.0,192.0,100.0,Dijon,,Pivot,27.12673611111111,Pivot
Florian Billant,Ailier Droit,France,07/07/1996,28.0,186.0,88.0,Dunkerque,,Ailier,25.4364666435426,Ailier
Queido Traore,Ailier Gauche,France,15/10/1994,30.0,185.0,90.0,Chambéry,,Ailier,26.29656683710737,Demi Centre
Ludwig Appolinaire,Demi Centre,France,27/05/1994,30.0,191.0,101.0,Cesson-Rennes,,Demi Centre,27.68564458211124,Pivot
Edouard Kempf,Ailier Droit,France,20/03/1998,26.0,178.0,81.0,Toulouse,,Ailier,25.5649539199596,Ailier
David Balaguer,Ailier Droit,Espagne,17/08/1991,33.0,185.0,93.0,Paris,,Ailier,27.173119065010955,Pivot
Matej Hrstic,Arrière Gauche,Croatie,11/08/1996,28.0,195.0,85.0,Limoges,,Arrière,22.35371466140697,Arrière
Clément Damiani,Arrière Droit,France,29/09/1998,26.0,195.0,94.0,Saran,,Arrière,24.720578566732414,Arrière
Romain Lagarde,Arrière Gauche,France,05/03/1997,27.0,194.0,85.0,Aix,,Arrière,22.58475927303645,Arrière
Angel Fernandez Perez,Ailier Gauche,Espagne,16/09/1988,36.0,192.0,86.0,Limoges,2023 / 2024,Ailier,23.32899305555556,Arrière
Romuald Kolle,Arrière Gauche,France,16/12/1992,32.0,190.0,90.0,Saran,,Arrière,24.930747922437675,Arrière
Loïs Pasquet,Ailier Gauche,France,08/09/1999,25.0,185.0,86.0,Dijon,,Ailier,25.127830533235937,Ailier
Diego Simonet,Demi Centre,Argentine,26/12/1989,35.0,189.0,88.0,Montpellier,,Demi Centre,24.635368550712467,Demi Centre
Ewan Kervadec,Arrière Droit,France,15/07/1998,26.0,192.0,88.0,Limoges,,Arrière,23.87152777777778,Arrière
Léo Martinez,Demi Centre,France,26/12/1993,31.0,188.0,82.0,Ivry,2023 / 2024,Demi Centre,23.20054323223178,Demi Centre
Luc Tobie,Arrière Droit,France,24/06/1988,36.0,190.0,84.0,Nîmes,,Arrière,23.26869806094183,Arrière
Hugo Jund,Pivot,France,07/07/2001,23.0,193.0,95.0,Chartres,,Pivot,25.50404037692287,Arrière
Jorge Maqueda Peno,Arrière Droit,Espagne,06/02/1988,36.0,197.0,102.0,Nantes,2023 / 2024,Arrière,26.282563322940558,Arrière
Sime Ivic,Arrière Droit,Croatie,21/01/1993,31.0,196.0,97.0,Limoges,,Arrière,25.249895876718035,Arrière
Arthur Lenne,Pivot,France,02/05/2001,23.0,194.0,95.0,Montpellier,,Pivot,25.241789775746625,Arrière
Youenn Cardinal,Ailier Droit,France,16/02/1994,30.0,189.0,81.0,Cesson-Rennes,,Ailier,22.67573696145125,Demi Centre
Xavier Labigang,Ailier Gauche,France,04/10/1996,28.0,183.0,83.0,Cesson-Rennes,,Ailier,24.78425751739377,Ailier
Hugo Brouzet,Pivot,France,22/04/1999,25.0,206.0,110.0,Aix,,Pivot,25.921387501178245,Pivot
Yannis Mancelle,Ailier Droit,France,13/11/1990,34.0,182.0,77.0,Caen,,Ailier,23.24598478444632,Ailier
Bruno Butorac,Arrière Droit,Croatie,01/10/1994,30.0,189.0,90.0,Créteil,,Arrière,25.195263290501387,Demi Centre
Simon Ooms,Pivot,Belgique,18/04/1994,30.0,200.0,95.0,Ivry,2023 / 2024,Pivot,23.75,Arrière
Aleksa Kolaković,Demi Centre,Serbie,10/08/1997,27.0,189.0,100.0,Pau Billère,,Demi Centre,27.994736989445983,Demi Centre
Axel Oppedisano,Pivot,France,22/12/1996,28.0,185.0,100.0,Cesson-Rennes,,Pivot,29.218407596785973,Arrière
Yanis Lenne,Ailier Droit,France,29/06/1996,28.0,187.0,87.0,Montpellier,,Ailier,24.879178701135288,Demi Centre
Yassine Ben Salem,Arrière Droit,Tunisie,03/11/2003,21.0,190.0,85.0,Chartres,,Arrière,23.545706371191137,Arrière
Sebastian Skube,Demi Centre,Slovénie,03/04/1987,37.0,189.0,87.0,Chambéry,,Demi Centre,24.35542118081801,Demi Centre
Tom Robyns,Demi Centre,Belgique,14/05/1991,33.0,192.0,80.0,Saran,2023 / 2024,Demi Centre,21.70138888888889,Arrière
Jacob Tandrup Holm,Arrière Gauche,Danemark,05/09/1995,29.0,194.0,95.0,Paris,,Arrière,25.241789775746625,Arrière
Adrian Figueras,Pivot,Espagne,31/08/1988,36.0,193.0,95.0,Chartres,,Pivot,25.50404037692287,Arrière
Florian Delecroix,Arrière Droit,France,17/03/1994,30.0,197.0,95.0,Saran,,Arrière,24.4788579968564,Arrière
Shuichi Yoshida,Pivot,Japon,26/03/2001,23.0,193.0,110.0,Nantes,,Pivot,29.53099412064753,Pivot
Ruben Marchan Criado,Pivot,Espagne,20/09/1994,30.0,204.0,120.0,Paris,,Pivot,28.835063437139564,Arrière
Mathis Jaffiol,Ailier Droit,France,16/11/2002,22.0,183.0,81.0,Dijon,,Ailier,24.187046492878256,Ailier
Ronaldo Almeida,Arrière Droit,France,20/08/2002,22.0,196.0,110.0,Ivry,,Arrière,28.633902540608084,Pivot
Nicolas Nieto,Pivot,France,06/04/1994,30.0,195.0,111.0,Limoges,,Pivot,29.19132149901381,Pivot
Kyllian Villeminot,Demi Centre,France,20/05/1998,26.0,189.0,86.0,Montpellier,,Demi Centre,24.075473810923548,Arrière
Veron Nacinovic,Pivot,Croatie,07/03/2000,24.0,204.0,109.0,Montpellier,,Pivot,26.191849288735103,Pivot
Benjamin Afgour,Pivot,France,01/04/1991,33.0,195.0,105.0,Dunkerque,,Pivot,27.613412228796847,Pivot
Samuel Deen,Ailier Gauche,France,16/09/1999,25.0,188.0,79.0,Créteil,,Ailier,22.35174287007696,Ailier
Valentin Bzdynga,Ailier Droit,France,19/07/2002,22.0,184.0,71.0,Chartres,,Ailier,20.97117202268431,Ailier
Stas Skube,Demi Centre,Slovénie,15/11/1989,35.0,179.0,83.0,Montpellier,,Demi Centre,25.90431010268094,Ailier
Lucas Petit,Ailier Droit,France,04/09/1999,25.0,180.0,75.0,Saran,,Ailier,23.148148148148145,Ailier
Arnau Garcia,Arrière Gauche,Espagne,12/06/1994,30.0,195.0,92.0,Ivry,,Arrière,24.194608809993422,Arrière
Matthieu Ong,Ailier Gauche,France,12/07/1992,32.0,180.0,70.0,Aix,,Ailier,21.604938271604937,Ailier
Jure Dolenec,Arrière Droit,Slovénie,06/12/1988,36.0,190.0,94.0,Limoges,2023 / 2024,Arrière,26.038781163434905,Arrière
Gautier Loredon,Pivot,France,15/10/2002,22.0,200.0,103.0,Paris,,Pivot,25.75,Arrière
Nikola Karabatic,Demi Centre,France,11/04/1984,40.0,196.0,103.0,Paris,2023 / 2024,Demi Centre,26.81174510620575,Arrière
Kauldi Odriozola Yeregui,Ailier Droit,Espagne,07/01/1997,27.0,182.0,85.0,Nantes,,Ailier,25.661152034778407,Ailier
Mathéo Briffe,Arrière Gauche,France,05/01/2001,23.0,190.0,85.0,Cesson-Rennes,,Arrière,23.545706371191137,Arrière
Théophile Causse,Ailier Droit,France,12/10/1992,32.0,179.0,72.0,Cesson-Rennes,,Ailier,22.47120876377142,Ailier
Jonathan Mapu,Pivot,France,10/03/1998,26.0,181.0,103.0,Saint-Raphaël,,Pivot,31.43982173926315,Arrière
Arthur Pecaud,Ailier Gauche,France,13/08/1999,25.0,185.0,85.0,Saran,,Ailier,24.83564645726808,Ailier
Per Maximilliam Jonsson,Arrière Droit,Suède,12/10/1989,35.0,195.0,103.0,Tremblay,,Arrière,27.08744247205786,Arrière
Jesper Jorgensen,Arrière Droit,Danemark,23/03/1994,30.0,191.0,90.0,Ivry,2023 / 2024,Arrière,24.67037636029714,Arrière
Fredric Pettersson,Pivot,Suède,11/02/1989,35.0,202.0,115.0,Toulouse,2023 / 2024,Pivot,28.183511420448976,Pivot
Svetlin Dimitrov,Ailier Droit,Bulgarie,05/11/1990,34.0,183.0,83.0,Chartres,,Ailier,24.78425751739377,Ailier
Edgar Dentz,Pivot,France,19/03/1998,26.0,195.0,107.0,Cesson-Rennes,,Pivot,28.139381985535834,Pivot
Sergey Kudinov,Demi Centre,Russie,29/06/1991,33.0,196.0,97.0,Chartres,,Demi Centre,25.249895876718035,Arrière
Alexandre Cavalcanti,Arrière Gauche,Portugal,27/12/1996,27.0,203.0,102.0,Nantes,2023 / 2024,Arrière,24.75187459050208,Arrière
Romaric Guillo,Pivot,France,01/10/1991,33.0,207.0,111.0,Cesson-Rennes,,Pivot,25.904921935167685,Pivot
Kristjan Kristjansson,Arrière Droit,Islande,25/12/1997,27.0,192.0,92.0,Aix,2023 / 2024,Arrière,24.95659722222222,Arrière
Jesper Konradsson,Demi Centre,Suède,04/06/1994,30.0,184.0,90.0,Nîmes,,Demi Centre,26.583175803402646,Ailier
Jaime Fernandez,Ailier Gauche,Espagne,27/01/1997,27.0,176.0,72.0,Montpellier,,Ailier,23.243801652892564,Ailier
Gabriel Nyembo,Pivot,France,16/06/1997,27.0,190.0,106.0,Toulouse,,Pivot,29.362880886426595,Pivot
Tom Poyet,Pivot,France,29/11/1999,25.0,187.0,84.0,Nîmes,,Pivot,24.021275987303035,Ailier
Jules Lignières,Demi Centre,France,15/08/1998,26.0,179.0,80.0,Frontignan,,Demi Centre,24.9680097375238,Ailier
Marc Poletti,Pivot,France,06/06/1985,39.0,192.0,102.0,Dijon,2023 / 2024,Pivot,27.669270833333336,Pivot
Maxime Ogando,Ailier Gauche,France,02/04/1999,25.0,183.0,75.0,Limoges,,Ailier,22.39541341933172,Ailier
Julien Rebichon,Ailier Gauche,France,18/10/1988,36.0,179.0,79.0,Nîmes,,Ailier,24.65590961580475,Ailier
Jason Muel,Pivot,France,07/03/2000,24.0,197.0,105.0,Créteil,,Pivot,27.055579891262337,Pivot
Dylan Garain,Arrière Gauche,France,22/08/1996,28.0,195.0,100.0,Ivry,2023 / 2024,Arrière,26.298487836949377,Arrière
Arthur Anquetil,Ailier Gauche,France,23/07/1995,29.0,182.0,80.0,Chambéry,,Ailier,24.151672503320853,Ailier
Mathieu Grebille,Ailier Gauche,France,06/10/1991,33.0,198.0,97.0,Paris,,Ailier,24.742373227221712,Arrière
O'brian Nyateu,Demi Centre,France,07/11/1992,32.0,188.0,99.0,Dunkerque,,Demi Centre,28.010411951109106,Arrière
Iosu Goni,Arrière Gauche,Espagne,01/04/1990,34.0,193.0,103.0,Chambéry,,Arrière,27.65174904024269,Pivot
Adrien Dipanda,Arrière Droit,France,03/05/1988,36.0,202.0,107.0,Saint-Raphaël,2023 / 2024,Arrière,26.22291932163513,Pivot
Dominik Mathe,Arrière Droit,Hongrie,01/04/1999,25.0,201.0,108.0,Paris,2023 / 2024,Arrière,26.73201158387169,Pivot
Dylan Tossin,Ailier Gauche,France,10/03/2001,23.0,183.0,80.0,Dunkerque,,Ailier,23.888440980620494,Ailier
Diogo Borges Da Silva,Arrière Droit,Portugal,02/10/1998,26.0,198.0,102.0,Aix,2023 / 2024,Arrière,26.017753290480563,Arrière
Baptiste Damatrin,Ailier Gauche,France,29/04/2000,24.0,177.0,81.0,Nantes,2023 / 2024,Ailier,25.854639471416256,Ailier
Milos Bozovic,Arrière Gauche,Monténégro,10/12/1994,30.0,200.0,103.0,Ivry,2023 / 2024,Arrière,25.75,Pivot
Daniel Mosindi,Arrière Droit,Israël,01/10/2001,23.0,189.0,85.0,Cesson-Rennes,,Arrière,23.79552644102909,Demi Centre
Eliott Desblancs,Demi Centre,France,18/08/2004,20.0,184.0,72.0,Aix,,Demi Centre,21.26654064272212,Ailier
Romain Briffe,Demi Centre,France,22/01/1989,35.0,189.0,90.0,Cesson-Rennes,,Demi Centre,25.195263290501387,Arrière
Belco Ayeva,Arrière Gauche,France,08/03/2005,19.0,195.0,85.0,Créteil,,Arrière,22.35371466140697,Arrière
Arthur Vigneron,Ailier Droit,France,30/01/1995,29.0,182.0,76.0,Saint-Raphaël,,Ailier,22.94408887815481,Ailier
Auguste Longerinas,Ailier Gauche,France,03/04/2003,21.0,188.0,72.0,Ivry,,Ailier,20.37120869171571,Ailier
Sylvain Hochet,Ailier Gauche,France,24/11/1987,37.0,186.0,89.0,Cesson-Rennes,2023 / 2024,Ailier,25.725517400855587,Ailier
Lucas De La Breteche,Demi Centre,France,19/11/2001,23.0,193.0,85.0,Nantes,,Demi Centre,22.819404547773097,Arrière
Edson Imare,Arrière Gauche,France,09/09/1998,26.0,187.0,84.0,Créteil,2023 / 2024,Arrière,24.021275987303035,Ailier
Théo Laguillaumie,Ailier Droit,France,04/11/1993,31.0,184.0,81.0,Angers,,Ailier,23.92485822306238,Ailier
Andrea Parisini,Pivot,Italie,18/11/1994,30.0,193.0,110.0,Aix,,Pivot,29.53099412064753,Pivot
Martial CaÏs,Ailier Droit,France,07/03/2002,22.0,193.0,84.0,Saint-Raphaël,,Ailier,22.55094096485812,Arrière
Rok Ovnicek,Demi Centre,Slovénie,29/01/1995,29.0,183.0,88.0,Nantes,,Demi Centre,26.27728507868255,Ailier
Jérémy Toto,Pivot,France,15/05/1992,32.0,197.0,106.0,Nantes,2023 / 2024,Pivot,27.31325208070293,Pivot
Mohamed Mamdouh,Pivot,Égypte,01/04/1989,35.0,193.0,100.0,Saran,2023 / 2024,Pivot,26.84635829149776,Arrière
Théo Clarac,Pivot,France,16/12/1998,26.0,195.0,104.0,Saran,,Pivot,27.350427350427356,Pivot
Nik Henigman,Arrière Gauche,Slovénie,04/12/1995,29.0,201.0,107.0,Chartres,,Arrière,26.484492958095103,Pivot
Aymeric Anzuini,Ailier Droit,France,06/09/2000,24.0,183.0,75.0,Créteil,,Ailier,22.39541341933172,Ailier
Luka Karabatic,Pivot,France,19/04/1988,36.0,202.0,110.0,Paris,,Pivot,26.958141358690323,Pivot
Téo Jarry,Ailier Gauche,France,03/03/2000,24.0,183.0,77.0,Toulouse,,Ailier,22.99262444384723,Ailier
Boïba Sissoko,Demi Centre,France,01/03/1994,30.0,175.0,80.0,Nîmes,,Demi Centre,26.12244897959184,Ailier
Pierre Paturel,Pivot,France,26/01/1989,35.0,198.0,102.0,Chambéry,,Pivot,26.017753290480563,Arrière
Gabin Martinez,Arrière Droit,France,13/07/2000,24.0,196.0,86.0,Dunkerque,,Arrière,22.38650562265723,Arrière
Benjamin Gallego,Pivot,France,24/11/1988,36.0,184.0,86.0,Nîmes,2023 / 2024,Pivot,25.401701323251416,Ailier
Lucas Vanegue,Demi Centre,France,03/10/1996,28.0,186.0,78.0,Chambéry,,Demi Centre,22.54595907041276,Ailier
Hakon Ekren,Demi Centre,Norvège,10/07/1994,30.0,186.0,103.0,Cesson-Rennes,2023 / 2024,Demi Centre,29.77222800323737,Arrière
Ahmed Hesham,Demi Centre,Égypte,15/05/2000,24.0,194.0,92.0,Montpellier,,Demi Centre,24.44468062493357,Arrière
Hadrien Ramond,Pivot,France,04/07/1988,36.0,193.0,111.0,Saran,2023 / 2024,Pivot,29.799457703562517,Pivot
Marko Panic,Arrière Droit,Croatie,10/03/1991,33.0,197.0,106.0,Montpellier,2023 / 2024,Arrière,27.31325208070293,Pivot
Maxence Foucault,Ailier Droit,France,11/06/2001,23.0,185.0,80.0,Saran,2023 / 2024,Ailier,23.37472607742878,Ailier
Damien Gibernon,Ailier Droit,France,17/05/2000,24.0,188.0,89.0,Nîmes,,Ailier,25.18107741059303,Demi Centre
Michal Baran,Demi Centre,France,21/12/2004,20.0,193.0,81.0,Cesson-Rennes,,Demi Centre,21.745550216113184,Ailier
Sergio Perez,Demi Centre,Espagne,31/08/2000,24.0,180.0,84.0,Saint-Raphaël,,Demi Centre,25.925925925925924,Ailier
Benjamin Bataille,Demi Centre,France,25/07/1992,32.0,196.0,100.0,Saint-Raphaël,,Demi Centre,26.03082049146189,Arrière
Gilberto Brito Duarte,Arrière Gauche,Portugal,06/07/1990,34.0,197.0,104.0,Aix,2023 / 2024,Arrière,26.797907701821742,Pivot
Andrea Guillaume,Ailier Droit,France,03/05/1998,26.0,186.0,90.0,Limoges,,Ailier,26.01456815816857,Ailier
Robin Paris,Arrière Gauche,France,11/02/1999,25.0,195.0,95.0,Caen,,Arrière,24.983563445101908,Arrière
Vadim Gayduchenko,Arrière Gauche,Biélorussie,24/04/1995,29.0,193.0,95.0,Pau Billère,,Arrière,25.50404037692287,Arrière
Hugo Kamtchop Baril,Pivot,France,12/11/1996,28.0,183.0,93.0,Nîmes,,Pivot,27.77031263997133,Ailier
Nevo Medina,Arrière Droit,Israël,20/10/2003,21.0,192.0,86.0,Dijon,,Arrière,23.32899305555556,Arrière
Kristian Orsted,Pivot,Danemark,22/05/1995,29.0,210.0,132.0,Cesson-Rennes,2023 / 2024,Pivot,29.931972789115644,Arrière
Romain Giraudeau,Ailier Droit,France,02/03/2000,24.0,170.0,66.0,Toulouse,,Ailier,22.837370242214536,Arrière
Gerdas Babarskas,Arrière Gauche,Lituanie,14/02/1994,30.0,197.0,94.0,Aix,2023 / 2024,Arrière,24.221185807415804,Arrière
Kasper Jesper Kisum,Arrière Gauche,Danemark,20/08/1992,32.0,190.0,92.0,Saint-Raphaël,2023 / 2024,Arrière,25.48476454293629,Arrière
Uros Mitrovic,Arrière Droit,Serbie,13/09/2004,20.0,189.0,92.0,Toulouse,,Arrière,25.755158030290307,Arrière
Quentin Dupuy,Ailier Gauche,France,01/07/1994,30.0,194.0,97.0,Dunkerque,,Ailier,25.77319587628866,Arrière
Noah Kouadio,Arrière Gauche,France,22/12/2005,19.0,193.0,95.0,Saint-Raphaël,,Arrière,25.50404037692287,Arrière
Matic Groselj,Arrière Droit,Slovénie,22/09/1997,27.0,195.0,100.0,Chartres,,Arrière,26.298487836949377,Arrière
Timmy Petit,Pivot,France,16/10/2000,24.0,198.0,100.0,Limoges,,Pivot,25.507601265177023,Arrière
Alexis Berthier,Arrière Droit,France,12/03/2002,22.0,193.0,85.0,Dijon,,Arrière,22.819404547773097,Ailier
Dmytro Horiha,Arrière Gauche,Ukraine,08/10/1997,27.0,196.0,98.0,Aix,2023 / 2024,Arrière,25.51020408163265,Arrière
Sadou Ntanzi,Demi Centre,France,07/01/2000,24.0,183.0,80.0,Paris,2023 / 2024,Demi Centre,23.888440980620494,Ailier
William Hoghielm,Pivot,Suède,30/11/1999,25.0,186.0,110.0,Nantes,2023 / 2024,Pivot,31.79558330442825,Arrière
Léo Plantin,Ailier Gauche,France,01/05/2003,21.0,186.0,84.0,Paris,,Ailier,24.280263614290668,Ailier
Maxime Petit,Ailier Gauche,France,28/03/2002,22.0,181.0,73.0,Ivry,,Ailier,22.28259210646805,Ailier
Kylian Prat,Arrière Gauche,France,20/02/2004,20.0,191.0,78.0,Montpellier,,Arrière,21.380992845590857,Arrière
Rasmus Nielsen,Ailier Droit,Danemark,07/02/1989,35.0,189.0,83.0,Dunkerque,2023 / 2024,Ailier,23.23563170124017,Arrière
Lucien Auffret,Ailier Droit,France,25/01/1997,27.0,182.0,75.0,Dijon,,Ailier,22.6421929718633,Ailier
Karl Konan,Arrière Gauche,Côte d’Ivoire,03/06/1995,29.0,196.0,95.0,Montpellier,,Arrière,24.7292794668888,Arrière
Nikoloz Kalandadze,Arrière Gauche,Géorgie,27/07/2002,22.0,198.0,96.0,Chambéry,,Arrière,24.487297214569946,Pivot
Thibault Dessites,Ailier Droit,France,17/05/2005,19.0,187.0,77.0,Saint-Raphaël,,Ailier,22.019502988361115,Ailier
Bakary Diallo,Arrière Gauche,France,03/12/1994,30.0,195.0,96.0,Toulouse,,Arrière,25.2465483234714,Arrière
Adama Keita,Ailier Gauche,France,05/06/1997,27.0,186.0,84.0,Paris,2023 / 2024,Ailier,24.280263614290668,Ailier
Rémi Leventoux,Pivot,France,12/02/1992,32.0,202.0,110.0,Créteil,,Pivot,26.958141358690323,Pivot
Baptiste Briet,Arrière Gauche,France,23/06/2002,22.0,185.0,82.0,Pontault,,Arrière,23.959094229364496,Ailier
Keyliane Traoré,Arrière Gauche,France,05/07/2004,20.0,194.0,84.0,Créteil,,Arrière,22.31905622276544,Ailier
Adam El Bishry,Demi Centre,Égypte,28/07/2003,21.0,185.0,78.0,Créteil,,Demi Centre,22.79035792549306,Ailier
Janek Klimkow,Pivot,Pologne,21/12/1998,26.0,203.0,130.0,Dunkerque,2023 / 2024,Pivot,31.546506831032065,Arrière
Janos Tamas Stranigg,Arrière Gauche,Hongrie,02/02/1995,29.0,190.0,95.0,Créteil,,Arrière,26.31578947368421,Arrière
Noa Tremey,Demi Centre,France,07/04/2003,21.0,190.0,80.0,Pontault,,Demi Centre,22.1606648199446,Arrière
Jon Azkue,Demi Centre,Espagne,03/07/1994,30.0,184.0,87.0,Limoges,,Demi Centre,25.697069943289225,Ailier
Wallem Peleka,Arrière Gauche,France,18/01/2002,22.0,196.0,93.0,Paris,,Arrière,24.20866305705956,Arrière
Aleksandar Antic,Ailier Droit,France,31/08/2004,20.0,183.0,78.0,Besançon,,Ailier,23.291229956104985,Ailier
Marc-anto Aillaud,Arrière Droit,France,23/06/2003,21.0,193.0,88.0,Sarrebourg,,Arrière,23.624795296518027,Arrière
Iñaki Peciña,Pivot,Espagne,31/05/1988,36.0,200.0,104.0,Chambéry,,Pivot,26.0,Arrière
Yohan Guigues,Ailier Droit,France,13/04/2004,20.0,186.0,74.0,Nîmes,,Ailier,21.389756041160823,Ailier
Umberto Bronzo,Ailier Droit,Italie,29/12/2000,23.0,183.0,84.0,Dunkerque,2023 / 2024,Ailier,25.082863029651524,Ailier
Lou Derisbourg,Demi Centre,France,18/02/2002,22.0,184.0,86.0,Nîmes,,Demi Centre,25.401701323251416,Ailier
Wilson Davyes,Demi Centre,Portugal,07/09/1988,36.0,192.0,95.0,Chartres,2023 / 2024,Demi Centre,25.77039930555556,Arrière
Naël Tighiouart,Ailier Gauche,France,13/03/2004,20.0,184.0,80.0,Chartres,,Ailier,23.62948960302457,Ailier
Kornél Nagy,Arrière Gauche,Hongrie,21/11/1986,38.0,195.0,98.0,Dunkerque,2023 / 2024,Arrière,25.77251808021039,Arrière
Gauthier Bonnissol,Demi Centre,France,27/08/2003,21.0,190.0,83.0,Besançon,,Demi Centre,22.99168975069252,Arrière
Axel Lanfranchi,Pivot,France,15/05/2004,20.0,192.0,101.0,Dijon,,Pivot,27.39800347222222,Pivot
Jérémy Robert,Arrière Gauche,France,08/03/2004,20.0,193.0,98.0,Toulouse,,Arrière,26.309431125667803,Arrière
Mathieu Cornette,Demi Centre,France,30/06/2003,21.0,188.0,80.0,Cournon,,Demi Centre,22.634676324128566,Ailier
Jordan Camarero,Ailier Droit,France,10/03/1992,32.0,184.0,87.0,Aix,2023 / 2024,Ailier,25.697069943289225,Ailier
Remi Peyre,Ailier Droit,France,30/01/2004,20.0,175.0,78.0,Nîmes,,Ailier,25.46938775510204,Ailier
Ernest Pineau-rossi,Arrière Droit,France,30/01/2003,21.0,200.0,98.0,Nancy,,Arrière,24.5,Arrière
Noé Lafougere,Ailier Gauche,France,13/07/2002,22.0,183.0,73.0,Saran,2023 / 2024,Ailier,21.798202394816204,Ailier
Reyhan Zuzo,Demi Centre,France,26/06/2005,19.0,188.0,84.0,Caen,,Demi Centre,23.766410140334997,Ailier
Henri Kirtz,Arrière Droit,France,27/05/2004,20.0,198.0,94.0,Ivry,,Arrière,23.9771451892664,Pivot
Sabi Sarre,Ailier Droit,France,01/02/2004,20.0,188.0,73.0,Créteil,2023 / 2024,Ailier,20.65414214576732,Ailier
Alban Simonnet,Demi Centre,France,04/01/2004,20.0,190.0,88.0,Saran,,Demi Centre,24.37673130193906,Arrière
Amaury Perrin,Ailier Gauche,France,21/10/2002,22.0,183.0,68.0,Chambéry,2023 / 2024,Ailier,20.305174833527424,Ailier
Maxime Gilbert,Demi Centre,France,22/05/1991,33.0,187.0,90.0,Toulouse,,Demi Centre,25.737081414967538,Ailier
Alexandre Tritta,Arrière Droit,France,09/12/1994,30.0,187.0,97.0,Aix,,Arrière,27.738854413909458,Arrière
Yoro Diarra,Pivot,France,29/12/2003,20.0,197.0,100.0,Saran,,Pivot,25.76721894405937,Arrière
Pierre-alexis Favril,Ailier Gauche,France,15/10/2004,20.0,186.0,84.0,Nantes,,Ailier,24.280263614290668,Ailier
Ilija Abutovic,Arrière Gauche,Serbie,02/08/1988,36.0,202.0,105.0,Chartres,2023 / 2024,Arrière,25.732771296931677,Arrière
Mathis Goupillon,Demi Centre,France,20/11/2003,21.0,179.0,73.0,Saint-Raphaël,,Demi Centre,22.783308885490467,Ailier
Lucas Ferrandier,Ailier Gauche,France,12/04/1996,28.0,189.0,82.0,Créteil,,Ailier,22.955684331345708,Ailier
Timeo Albouy,Ailier Gauche,France,01/11/2003,21.0,184.0,79.0,Toulouse,,Ailier,23.334120982986768,Ailier
Paul Gourdel,Arrière Droit,France,14/04/2004,20.0,187.0,65.0,Aix,,Arrière,18.58789213303211,Arrière
Yanis Busselier,Arrière Droit,France,01/08/2002,22.0,191.0,90.0,Cherbourg,,Arrière,24.67037636029714,Arrière
Salomon Nassequela,Arrière Droit,Congo,15/01/2004,20.0,183.0,71.0,Nantes,,Arrière,21.20099137030069,Ailier
Mouhamadou Sidibe,Pivot,France,09/10/2004,20.0,200.0,90.0,Aix,,Pivot,22.5,Arrière
Leni Serre,Arrière Droit,France,08/09/2005,19.0,185.0,81.0,Limoges,,Arrière,23.66691015339664,Ailier
Quentin Ducoat,Arrière Droit,France,09/04/2004,20.0,186.0,100.0,Chartres,2023 / 2024,Arrière,28.90507573129841,Pivot
Lucas Guigon,Arrière Droit,France,18/07/2003,21.0,197.0,83.0,Montpellier,,Arrière,21.386791723569274,Arrière
Nelio Indjai,Ailier Gauche,Portugal,03/06/2002,22.0,181.0,73.0,Dunkerque,2023 / 2024,Ailier,22.28259210646805,Ailier
Raphaël Deleau,Arrière Gauche,France,06/09/2005,19.0,185.0,80.0,Saran,,Arrière,23.37472607742878,Ailier
Baptiste Bonnefond,Arrière Gauche,France,22/01/1993,31.0,193.0,97.0,Nantes,,Arrière,26.040967542752828,Arrière
Lucas Berchoux,Demi Centre,France,20/02/2003,21.0,186.0,85.0,Aix,,Demi Centre,24.56931437160365,Ailier
Augustin Riehl,Arrière Droit,France,03/07/2004,20.0,192.0,89.0,Dunkerque,2023 / 2024,Arrière,24.14279513888889,Arrière
Antoine Baladi,Pivot,France,18/01/2004,20.0,187.0,96.0,Ivry,,Pivot,27.45288684263204,Arrière
Victor Grillère,Pivot,France,05/03/2003,21.0,195.0,85.0,Chartres,2023 / 2024,Pivot,22.35371466140697,Arrière
Théo Texier,Demi Centre,France,22/11/2003,21.0,181.0,75.0,Saran,2023 / 2024,Demi Centre,22.89307408198773,Ailier
Luca Faivre,Ailier Gauche,France,23/08/2004,20.0,175.0,69.0,Dijon,2023 / 2024,Ailier,22.53061224489796,Ailier
Yoann Gibelin,Arrière Gauche,France,26/11/1999,25.0,198.0,99.0,Nîmes,,Arrière,25.252525252525253,Arrière
Emilien Peyronnet,Ailier Droit,France,22/04/2004,20.0,180.0,70.0,Chambéry,,Ailier,21.604938271604937,Ailier
Mathias Comte,Arrière Gauche,France,19/06/2005,19.0,197.0,100.0,Limoges,,Arrière,25.76721894405937,Arrière
Adrien Dubois,Ailier Gauche,France,21/03/2001,23.0,182.0,72.0,Nancy,,Ailier,21.736505252988767,Ailier
Ylan Augustine,Pivot,France,18/08/2004,20.0,198.0,98.0,Saint-Raphaël,,Pivot,24.99744923987348,Arrière
Gallian Varlet,Arrière Gauche,France,16/06/2004,20.0,193.0,82.0,Nîmes,,Arrière,22.014013799028163,Ailier
Antoine-xavier Armani,Pivot,France,16/08/2003,21.0,196.0,107.0,Caen,,Pivot,27.852977925864227,Pivot
Alexandre Birkner,Ailier Gauche,France,19/02/2004,20.0,174.0,79.0,Limoges,,Ailier,26.09327520147972,Ailier
Enzo Gesland,Ailier Droit,France,07/03/2004,20.0,183.0,75.0,Cherbourg,,Ailier,22.39541341933172,Ailier
Théo Benterki,Ailier Droit,France,20/06/2003,21.0,185.0,80.0,Cournon,,Ailier,23.37472607742878,Ailier
Tom Semba,Pivot,France,15/10/2004,20.0,189.0,81.0,Chartres,2023 / 2024,Pivot,22.67573696145125,Ailier
Raphaël Neel Heude,Ailier Gauche,France,23/08/2003,21.0,184.0,85.0,Nancy,,Ailier,25.10633270321361,Ailier
Maixent Eveillard,Demi Centre,France,01/02/2005,19.0,173.0,69.0,Saint-Raphaël,,Demi Centre,23.054562464499316,Ailier
Guillaume Sutter,Ailier Gauche,France,16/01/2005,19.0,188.0,75.0,Saint-Raphaël,,Ailier,21.22000905387053,Ailier
Léo Fournie,Pivot,France,10/04/2004,20.0,188.0,90.0,Montpellier,,Pivot,25.46401086464464,Demi Centre
Matéo Caille,Pivot,France,27/06/2004,20.0,198.0,96.0,Montpellier,,Pivot,24.487297214569946,Arrière
Edgar Bourillon,Pivot,France,01/04/2004,20.0,200.0,95.0,Pontault,,Pivot,23.75,Arrière
Doran Engueleguele,Arrière Gauche,France,10/05/2003,21.0,193.0,97.0,Cournon,,Arrière,26.040967542752828,Arrière
Sasha Frattaruolo,Pivot,France,19/05/2005,19.0,188.0,88.0,Chambéry,,Pivot,24.898143956541425,Demi Centre
Mathis Sebin,Arrière Gauche,France,23/10/2004,20.0,190.0,81.0,Créteil,,Arrière,22.437673130193907,Ailier
Mike Benjamin,Arrière Gauche,France,05/12/2003,21.0,198.0,98.0,Cesson-Rennes,2023 / 2024,Arrière,24.99744923987348,Arrière
Gabin Miny,Pivot,France,13/07/2005,19.0,190.0,95.0,Dijon,2023 / 2024,Pivot,26.31578947368421,Arrière
Adam Gnago,Arrière Gauche,France,03/01/2003,21.0,193.0,90.0,Caen,,Arrière,24.161722462347985,Arrière
Koussay Ben Fraj,Arrière Gauche,Tunisie,02/09/2004,20.0,194.0,90.0,Chartres,,Arrière,23.91327452439154,Arrière
Yanis Abdebreiman,Arrière Gauche,France,02/08/2005,19.0,186.0,78.0,Chambéry,,Arrière,22.54595907041276,Ailier
Lazar Maksovic,Arrière Gauche,France,24/11/2004,20.0,195.0,89.0,Saint-Raphaël,,Arrière,23.405654174884944,Arrière
Amine Ben Salem,Demi Centre,France,11/03/2003,21.0,190.0,85.0,Chartres,,Demi Centre,23.545706371191137,Arrière
Tom Delrives,Ailier Droit,France,22/07/2002,22.0,188.0,78.0,Frontignan,,Ailier,22.068809416025356,Ailier
Marko Milosavljevic,Arrière Gauche,Serbie,13/09/1998,26.0,201.0,96.0,Nantes,,Arrière,23.761788074552616,Arrière
Kenzo Guironnet,Pivot,France,17/06/2005,19.0,195.0,98.0,Nîmes,,Pivot,25.77251808021039,Arrière
Ronan Hassler,Ailier Droit,France,14/05/2004,20.0,185.0,71.0,Limoges,,Ailier,20.74506939371804,Ailier
Amil Maliki,Arrière Gauche,France,05/05/2005,19.0,194.0,92.0,Dunkerque,,Arrière,24.44468062493357,Arrière
Edgar Gohier,Ailier Droit,France,29/06/2005,19.0,183.0,77.0,Nantes,,Ailier,22.99262444384723,Ailier
Clément Pellen,Arrière Gauche,France,21/04/2002,22.0,202.0,89.0,Ivry,,Arrière,21.81158709930399,Pivot
Edynio Linere,Arrière Gauche,France,21/08/2003,21.0,191.0,84.0,Massy,,Arrière,23.025684602944,Arrière
Andre Wenkegheu Tchambou,Pivot,France,10/05/2004,20.0,197.0,95.0,Nantes,,Pivot,24.4788579968564,Arrière
Goran Levavasseur,Ailier Gauche,France,03/12/2003,21.0,184.0,70.0,Valence,,Ailier,20.6758034026465,Ailier
Lucien Roullet,Demi Centre,France,14/05/2004,20.0,193.0,84.0,Limoges,,Demi Centre,22.55094096485812,Ailier
Dimitri Claude,Arrière Gauche,France,29/08/2005,19.0,192.0,80.0,Chambéry,,Arrière,21.70138888888889,Demi Centre
